valid1,0
valid2,-0.0132694
valid3,0.0409887
valid4,-1.10814
valid5,-0.443358
valid6,-0.711598
valid7,-0.305685
valid8,-0.193595
valid9,0.424386
valid10,0.118193
valid11,-0.431977
valid12,-110.995
valid13,0.578216
valid14,-0.102761
valid15,0.609008
valid16,0.556168
valid17,1.5081
valid18,0
valid19,0.0450591
valid20,-0.0785317
valid21,0.165511
valid22,-0.626001
valid23,-2.41639
valid24,1.02108
valid25,0.149556
valid26,8.29E-05
valid27,-0.625649
valid28,17.0889
valid29,0.19478
valid30,0.514584
valid31,-0.189899
valid32,8.85E-07
valid33,1.04266
valid34,-28.1746
valid35,0.122107
valid36,-0.0350122
valid37,0
valid38,-0.0304311
valid39,-0.0923705
valid40,2.4678
valid41,0.189567
valid42,0
valid43,8.15056
valid44,-30.2834
valid45,0.0308876
valid46,-1.22388
valid47,1.77885
valid48,1.0411
valid49,-0.0745183
valid50,4.31743
valid51,2.35599
valid52,0.560298
valid53,-1.1897
valid54,0.748709
valid55,0.125757
valid56,-3.43319
valid57,30.5108
valid58,-0.222523
valid59,-0.271451
valid60,0
valid61,-0.0011088
valid62,6.69E-05
valid63,0.0323385
valid64,0.0890001
valid65,-2.48022
valid66,-1.82061
valid67,-0.0562491
valid68,0.947152
valid69,-0.0161133
valid70,0
valid71,-0.517581
valid72,0.185986
valid73,0.00895186
valid74,0.0923144
valid75,-2.17813
valid76,-19.9375
valid77,1.75939
valid78,-0.0459348
valid79,-0.134501
valid80,0.683241
valid81,0.0300343
valid82,-0.869544
valid83,-1.07734
valid84,-0.92768
valid85,-28.5332
valid86,-0.151721
valid87,0.484637
valid88,-0.192357
valid89,-1.32544
valid90,0.123832
valid91,-0.010232
valid92,0.60727
valid93,-19.9683
valid94,1.20597
valid95,-0.0260511
valid96,-2.63215
valid97,-0.17217
valid98,-2.15391
valid99,0.0168121
valid100,2.14934
valid101,0.496634
valid102,-0.000258279
valid103,0.761598
valid104,0.0515709
valid105,-7.15386
valid106,0.132158
valid107,30.1574
valid108,-0.000500747
valid109,0.100968
valid110,0.00550808
valid111,-0.669779
valid112,0.231347
valid113,27.8999
valid114,-0.577694
valid115,-0.0254498
valid116,-19.2255
valid117,-0.037448
valid118,0.000722573
valid119,2.50203
valid120,4.42751
valid121,-0.186721
valid122,-1.026
valid123,-1.03707
valid124,0.215156
valid125,-4.38183
valid126,0.420174
valid127,2.27547
valid128,0.670281
valid129,1.82726
valid130,-2.39198
valid131,0.984762
valid132,-0.227322
valid133,-16.0924
valid134,-0.197382
valid135,-9.23441
valid136,0.499915
valid137,-1.23338
valid138,-0.216638
valid139,-1.15195
valid140,-0.310456
valid141,0.32098
valid142,1.42968
valid143,3.38401
valid144,2.10871
valid145,-0.472943
valid146,-5.5282
valid147,-0.433613
valid148,1.64E-05
valid149,2.41046
valid150,1.25562
valid151,0.0313196
valid152,0.123901
valid153,-1.3612
valid154,0.185815
valid155,-0.123507
valid156,8.67185
valid157,-0.209505
valid158,0.171856
valid159,-4.79917
valid160,1.7323
valid161,3.41282
valid162,3.13989
valid163,0.391877
valid164,-1.89486
valid165,-0.00414493
valid166,0.0103994
valid167,-0.716102
valid168,-37.6381
valid169,4.00E-08
valid170,7.80786
valid171,-7.19924
valid172,0.0218118
valid173,0.904594
valid174,-0.0264479
valid175,-0.0618728
valid176,6.64453
valid177,-1.34899
valid178,-0.204327
valid179,-9.60047
valid180,-88.5274
valid181,-0.00203832
valid182,0.82469
valid183,0.000887298
valid184,2.0947
valid185,3.61667
valid186,-0.498712
valid187,0.930453
valid188,0.545965
valid189,5.61184
valid190,-0.974875
valid191,-8.24697
valid192,0.973016
valid193,3.90731
valid194,-0.874675
valid195,0.191492
valid196,6.20044
valid197,0.0728091
valid198,-0.158203
valid199,0.00595618
valid200,0.0156864
valid201,-0.0106575
valid202,-0.00514937
valid203,0
valid204,0.0219205
valid205,-3.66653
valid206,0
valid207,-0.00736573
valid208,0.0225155
valid209,-0.0193917
valid210,-1.52E-05
valid211,-8.98042
valid212,30.9952
valid213,0.364398
valid214,1.17537
valid215,0.581867
valid216,22.0662
valid217,-11.6781
valid218,1.81674
valid219,-1.18685
valid220,-0.512418
valid221,-0.165709
valid222,0.0313721
valid223,-3.95E-05
valid224,-0.138142
valid225,0.536443
valid226,11.0483
valid227,-1.20853
valid228,-26.9439
valid229,0.541168
valid230,0.0464636
valid231,-0.231772
valid232,5.75593
valid233,2.46574
valid234,-0.145187
valid235,2.10765
valid236,2.85177
valid237,-0.0585574
valid238,0.163837
valid239,0.548153
valid240,-0.0234596
valid241,0.000296096
valid242,0.0673468
valid243,0.0889471
valid244,-0.367691
valid245,0.598726
valid246,-0.0315992
valid247,0.0231566
valid248,-6.41246
valid249,0.0283087
valid250,0.15981
valid251,-0.0694386
valid252,-0.00271654
valid253,7.52914
valid254,0.227913
valid255,0
valid256,1.20372
valid257,-3.67016
valid258,-1.30099
valid259,1.2308
valid260,0.0794387
valid261,-0.511892
valid262,22.0229
valid263,0.0172473
valid264,35.2101
valid265,-0.896865
valid266,-1.0112
valid267,-1.37127
valid268,31.155
valid269,0.197625
valid270,-2.01815
valid271,-0.0374359
valid272,-0.0252695
valid273,-0.41733
valid274,0.00298387
valid275,-1.9807
valid276,-0.604161
valid277,0.356386
valid278,2.52291
valid279,-28.2079
valid280,-0.0894042
valid281,-0.00556749
valid282,1.23851
valid283,-0.0102133
valid284,-0.369136
valid285,-0.00242419
valid286,-0.411721
valid287,0.0640527
valid288,1.24079
valid289,-0.0697581
valid290,-7.56E-05
valid291,0.011407
valid292,-0.663374
valid293,-0.742087
valid294,0.302798
valid295,0.118931
valid296,-0.560151
valid297,0.755732
valid298,-2.67699
valid299,-0.0806615
valid300,-0.486245
valid301,-0.00961967
valid302,-0.0391984
valid303,2.61414
valid304,-0.00193157
valid305,0.79723
valid306,0.000637427
valid307,48.1389
valid308,-0.00410042
valid309,-0.855095
valid310,0.923953
valid311,-0.245763
valid312,-1.6754
valid313,-0.00385608
valid314,-4.61635
valid315,-12.3967
valid316,0.449976
valid317,-0.0919669
valid318,0.821223
valid319,4.51528
valid320,0.409466
valid321,0.306796
valid322,-0.313936
valid323,1.33895
valid324,-0.982862
valid325,-0.282939
valid326,0.0598473
valid327,-0.725297
valid328,-0.538946
valid329,24.3082
valid330,6.59E-08
valid331,0.0585443
valid332,0.0453344
valid333,0.0162444
valid334,0.495485
valid335,0.175391
valid336,-2.45352
valid337,-0.411173
valid338,0
valid339,-10.8948
valid340,0
valid341,17.8097
valid342,-0.871446
valid343,-1.50547
valid344,-0.32024
valid345,5.69439
valid346,0.383072
valid347,0.770271
valid348,-6.77764
valid349,-0.0206509
valid350,0.979393
valid351,13.4155
valid352,0.821254
valid353,-3.32595
valid354,15.4301
valid355,-0.0120006
valid356,0.0375583
valid357,-11.2589
valid358,0.0589882
valid359,0
valid360,0.0314761
valid361,0.107124
valid362,-0.00675897
valid363,0.700639
valid364,-0.0113654
valid365,0.799754
valid366,-0.0127498
valid367,-0.00263027
valid368,-32.611
valid369,13.4706
valid370,1.18923
valid371,-0.134648
valid372,0.457966
valid373,0.449507
valid374,0.0365257
valid375,-0.0735395
valid376,-0.869373
valid377,-0.640795
valid378,-0.202664
valid379,-0.00833514
valid380,0.0115739
valid381,-0.170849
valid382,0.0299052
valid383,0.0123572
valid384,-0.923838
valid385,-0.230321
valid386,4.05568
valid387,0
valid388,0.741804
valid389,-0.957411
valid390,-0.656405
valid391,0.963679
valid392,-0.905312
valid393,0
valid394,-0.149765
valid395,2.97868
valid396,-6.26443
valid397,0.778517
valid398,0.414125
valid399,-0.0616278
valid400,-0.909533
valid401,0.273657
valid402,-46.4258
valid403,-0.863179
valid404,24.7893
valid405,1.37717
valid406,-0.778621
valid407,0
valid408,-0.0511058
valid409,-4.4138
valid410,5.90E-06
valid411,-6.20789
valid412,0.0171358
valid413,-0.00253259
valid414,-0.306978
valid415,-0.276387
valid416,-0.0199793
valid417,-0.00199261
valid418,0.0181871
valid419,3.27583
valid420,-0.208648
valid421,-0.828173
valid422,-8.20556
valid423,-0.00871463
valid424,0.477143
valid425,-0.0321802
valid426,-0.626384
valid427,-0.30952
valid428,0.0713694
valid429,2.56197
valid430,-0.371847
valid431,0.635697
valid432,-0.942675
valid433,4.51535
valid434,-0.0333601
valid435,-2.71531
valid436,-2.14E-06
valid437,-0.00207936
valid438,1.84704
valid439,3.08201
valid440,18.4751
valid441,9.85128
valid442,64.7659
valid443,1.20186
valid444,-0.0381485
valid445,-2.88112
valid446,-6.80903
valid447,2.154
valid448,0.0592185
valid449,-0.52229
valid450,-1.1308
valid451,0
valid452,-0.07898
valid453,0.00836147
valid454,0.202753
valid455,-54.4894
valid456,0.395978
valid457,-0.00126049
valid458,-0.110366
valid459,-5.54E-05
valid460,-2.15994
valid461,-0.221386
valid462,-0.902334
valid463,1.03288
valid464,-1.34871
valid465,-3.66393
valid466,-0.054447
valid467,-2.61027
valid468,3.47809
valid469,-7.4273
valid470,-6.20928
valid471,-1.46483
valid472,0
valid473,4.04291
valid474,8.91376
valid475,-0.141545
valid476,37.7186
valid477,0.0905761
valid478,-14.6144
valid479,0.385148
valid480,0.00402174
valid481,0.08173
valid482,-2.14595
valid483,-0.912972
valid484,0
valid485,0.0262342
valid486,0.0591053
valid487,-0.419176
valid488,0.886881
valid489,-0.0451773
valid490,0.174898
valid491,-3.96E-05
valid492,0.0711745
valid493,0
valid494,1.99643
valid495,0.427221
valid496,-0.978341
valid497,0.10485
valid498,-0.0393888
valid499,-6.54189
valid500,0.00470527
valid501,-2.09848
valid502,-0.00126914
valid503,-0.00279517
valid504,3.01397
valid505,0.0234039
valid506,76.6976
valid507,-0.00835953
valid508,12.8462
valid509,0.214661
valid510,-1.0444
valid511,-1.71141
valid512,2.77486
valid513,0.0272205
valid514,-5.73045
valid515,-68.0577
valid516,-0.0156145
valid517,0
valid518,-0.533374
valid519,-0.194363
valid520,-72.5941
valid521,0.124488
valid522,1.77233
valid523,-20.568
valid524,0.254877
valid525,-0.0156591
valid526,0.0113394
valid527,20.6731
valid528,-32.3157
valid529,15.0443
valid530,0
valid531,0.193323
valid532,-0.745223
valid533,-0.253865
valid534,1.06093
valid535,0
valid536,-0.008447
valid537,-0.0396668
valid538,0.226882
valid539,0.60201
valid540,0.0678568
valid541,-4.89869
valid542,-0.0452696
valid543,-0.822373
valid544,0.825535
valid545,3.88573
valid546,0
valid547,-0.140605
valid548,0.878176
valid549,-11.8436
valid550,-0.816643
valid551,-45.5006
valid552,0.292413
valid553,-0.161962
valid554,-3.84616
valid555,-0.78638
valid556,-0.0958461
valid557,-67.1469
valid558,0.0141709
valid559,0.219506
valid560,-0.0542341
valid561,1.29859
valid562,2.12867
valid563,0.117292
valid564,-1.08318
valid565,0.00994264
valid566,-3.23642
valid567,6.8405
valid568,0.343885
valid569,61.8588
valid570,0.59591
valid571,-0.45612
valid572,-2.5897
valid573,-4.97075
valid574,-0.641887
valid575,-0.560331
valid576,-1.76861
valid577,0
valid578,-0.227075
valid579,-3.75578
valid580,0.0195517
valid581,6.56365
valid582,0
valid583,1.00037
valid584,0.0510291
valid585,0.0643438
valid586,-0.0395026
valid587,0.195934
valid588,0.150197
valid589,1.33931
valid590,-23.6902
valid591,-0.00827037
valid592,-0.967398
valid593,-0.313683
valid594,21.218
valid595,2.00922
valid596,0.0779504
valid597,-1.12217
valid598,0.762856
valid599,-0.538222
valid600,0.967441
valid601,2.87688
valid602,6.14618
valid603,0.0434899
valid604,-0.0025764
valid605,0.0946284
valid606,-25.4034
valid607,-2.85903
valid608,-0.0428044
valid609,-0.688342
valid610,0.140935
valid611,-0.501943
valid612,34.1596
valid613,-0.812644
valid614,-1.93894
valid615,-0.0929049
valid616,-0.316306
valid617,0.179894
valid618,0.73467
valid619,4.02976
valid620,-0.227461
valid621,-2.28616
valid622,-11.2216
valid623,1.15348
valid624,0.772139
valid625,-0.651932
valid626,9.72879
valid627,0.369497
valid628,0.165266
valid629,6.44163
valid630,3.46327
valid631,-0.885228
valid632,0.0547517
valid633,0.202255
valid634,-2.99803
valid635,-4.33648
valid636,0.0619035
valid637,-12.2497
valid638,-0.0421692
valid639,-11.0633
valid640,0.373895
valid641,0.0929726
valid642,0.182054
valid643,1.92102
valid644,-0.0894913
valid645,-0.107695
valid646,-0.0766589
valid647,3.34618
valid648,-0.201172
valid649,-2.38424
valid650,0.0267498
valid651,25.8678
valid652,-0.115878
valid653,0.103833
valid654,-0.150468
valid655,0.0480847
valid656,0.725382
valid657,-0.00134527
valid658,-0.000877049
valid659,18.4872
valid660,4.16E-05
valid661,0.679555
valid662,0.00785509
valid663,-3.12528
valid664,14.2725
valid665,0.111666
valid666,18.9861
valid667,-17.3194
valid668,7.75817
valid669,14.8123
valid670,-0.427895
valid671,0.163585
valid672,0.225266
valid673,0.857951
valid674,-0.00951593
valid675,0.583481
valid676,0.0578794
valid677,6.13641
valid678,0.407113
valid679,15.517
valid680,1.35409
valid681,0.0597051
valid682,-6.28769
valid683,0.0658288
valid684,-0.455322
valid685,1.4148
valid686,-0.579204
valid687,1.00976
valid688,10.5781
valid689,-4.27841
valid690,-23.7111
valid691,0.507317
valid692,-0.0443133
valid693,-20.5234
valid694,0.307738
valid695,-0.331772
valid696,0.00194338
valid697,-1.03759
valid698,-0.000120144
valid699,13.0658
valid700,4.00892
valid701,-6.45815
valid702,-0.0284914
valid703,-0.523238
valid704,0.419061
valid705,0.0502587
valid706,0.0230408
valid707,-15.5478
valid708,2.91927
valid709,-1.54625
valid710,33.9977
valid711,-1.75506
valid712,0.0277026
valid713,-0.00373074
valid714,3.79118
valid715,0.234462
valid716,6.11745
valid717,1.77112
valid718,-0.00766863
valid719,0
valid720,0.43749
valid721,0.50869
valid722,0.749545
valid723,13.1788
valid724,-5.35294
valid725,0.156562
valid726,-18.5762
valid727,0.191377
valid728,-0.123681
valid729,0.0559895
valid730,1.33176
valid731,3.35558
valid732,0.0765999
valid733,0.082978
valid734,10.721
valid735,0.959823
valid736,-0.252207
valid737,2.2287
valid738,-2.37097
valid739,0.723828
valid740,0.0003121
valid741,0.812518
valid742,7.15656
valid743,-1.43155
valid744,-4.96943
valid745,0.00208483
valid746,2.51503
valid747,-0.183516
valid748,-5.39065
valid749,-0.017675
valid750,12.4619
valid751,-2.42986
valid752,-0.78401
valid753,2.36648
valid754,24.0486
valid755,5.32186
valid756,-0.0445798
valid757,0.0308985
valid758,-11.8447
valid759,-0.0380685
valid760,-0.975365
valid761,0.101231
valid762,-0.131607
valid763,-15.1132
valid764,1.56523
valid765,-0.756413
valid766,-3.61757
valid767,-0.0919612
valid768,-0.32209
valid769,-2.9683
valid770,5.02718
valid771,-0.44995
valid772,1.3242
valid773,0.41565
valid774,0.00120921
valid775,0.182245
valid776,-0.405975
valid777,-0.0913203
valid778,0.654472
valid779,-21.5316
valid780,0.0180574
valid781,2.75853
valid782,10.1404
valid783,-0.514736
valid784,0
valid785,-0.831471
valid786,14.3194
valid787,27.9796
valid788,-0.00957706
valid789,0.739047
valid790,1.26613
valid791,-6.33251
valid792,0.0624149
valid793,-71.0428
valid794,-0.416919
valid795,0.764525
valid796,50.4615
valid797,-0.090514
valid798,0.643009
valid799,0.00836941
valid800,8.00734
valid801,2.65051
valid802,-19.0978
valid803,-0.97008
valid804,25.7459
valid805,0.134147
valid806,0.00604853
valid807,-0.0173401
valid808,1.12E-05
valid809,4.98691
valid810,-2.41182
valid811,1.48841
valid812,0.0647191
valid813,0.251843
valid814,0.104338
valid815,-0.0263032
valid816,1.19788
valid817,40.5945
valid818,-2.45834
valid819,-6.84688
valid820,12.6444
valid821,-11.7198
valid822,-1.75522
valid823,-0.993929
valid824,-40.9568
valid825,1.98492
valid826,0.0595683
valid827,1.57857
valid828,0.019719
valid829,0.46127
valid830,-0.193899
valid831,5.72527
valid832,-27.0468
valid833,7.28271
valid834,0
valid835,-16.6912
valid836,-12.6094
valid837,-0.115365
valid838,-0.480475
valid839,-0.0388657
valid840,0.00756122
valid841,0.18642
valid842,0.389886
valid843,-8.35066
valid844,0.127592
valid845,-0.00259277
valid846,0.818452
valid847,-0.247692
valid848,-16.7997
valid849,-1.5062
valid850,0.724574
valid851,-6.06879
valid852,-2.2233
valid853,0
valid854,-0.447662
valid855,7.70499
valid856,0.439702
valid857,0.01195
valid858,0.546915
valid859,-0.946136
valid860,7.61459
valid861,-1.14046
valid862,-0.398452
valid863,0.262171
valid864,31.5122
valid865,1.44621
valid866,-0.311387
valid867,-0.0865277
valid868,-0.886695
valid869,-77.6336
valid870,-0.000959411
valid871,-0.0832435
valid872,0.0225951
valid873,-0.25058
valid874,-1.12114
valid875,0.00853152
valid876,0.594496
valid877,10.192
valid878,0.056266
valid879,-0.701076
valid880,-1.51135
valid881,-0.00191161
valid882,-0.73032
valid883,-0.116431
valid884,-0.174926
valid885,-1.21292
valid886,0.648944
valid887,-0.391351
valid888,3.65667
valid889,2.87873
valid890,0.0455545
valid891,-3.08924
valid892,2.28697
valid893,0
valid894,0.114026
valid895,-0.158907
valid896,0.000717446
valid897,-0.171926
valid898,1.04097
valid899,-3.91748
valid900,19.151
valid901,-0.318939
valid902,-0.104866
valid903,-0.0615286
valid904,-0.643016
valid905,0.517371
valid906,6.10917
valid907,-0.000165732
valid908,1.01601
valid909,0.383445
valid910,14.3648
valid911,0.472128
valid912,-29.241
valid913,0.746792
valid914,-6.11869
valid915,0.0086495
valid916,-12.8908
valid917,-0.541019
valid918,-0.0304597
valid919,0.936605
valid920,-0.0356726
valid921,13.6761
valid922,-0.821377
valid923,0.388579
valid924,-0.00460486
valid925,0.0239435
valid926,-1.76536
valid927,-0.841064
valid928,0.142253
valid929,5.72769
valid930,-1.83331
valid931,-0.318992
valid932,-0.018567
valid933,-5.86902
valid934,0
valid935,0.0585041
valid936,-0.456984
valid937,0.0774943
valid938,0.217102
valid939,1.3281
valid940,42.3802
valid941,0.0793365
valid942,-0.000103588
valid943,0.0975932
valid944,0.0301453
valid945,0.0184148
valid946,3.58306
valid947,-0.14527
valid948,3.50826
valid949,0.222177
valid950,-0.0648035
valid951,-0.103288
valid952,-0.631174
valid953,-0.0369994
valid954,-12.9924
valid955,-7.44215
valid956,0
valid957,0.00408047
valid958,-1.04932
valid959,53.7838
valid960,-0.799125
valid961,0.0169062
valid962,-0.00604927
valid963,23.4922
valid964,-1.99138
valid965,39.5788
valid966,14.0096
valid967,-0.0575615
valid968,-2.30669
valid969,0.0183913
valid970,-1.50376
valid971,-46.8035
valid972,-1.99655
valid973,-0.0382262
valid974,8.99512
valid975,0.691522
valid976,-0.858843
valid977,6.96957
valid978,-33.155
valid979,1.0637
valid980,0.0447446
valid981,2.20968
valid982,-0.0489884
valid983,-0.00596404
valid984,-0.00687136
valid985,-0.0320417
valid986,-0.00227672
valid987,0.0356667
valid988,0.814838
valid989,0.846344
valid990,1.21924
valid991,0.144624
valid992,1.48233
valid993,2.10794
valid994,-0.0848783
valid995,-1.26781
valid996,0.584985
valid997,0
valid998,8.90952
valid999,-0.156909
valid1000,0.00112104
valid1001,0.0316313
valid1002,-21.0379
valid1003,-0.0212815
valid1004,-28.1636
valid1005,-0.915591
valid1006,0.483026
valid1007,-0.697255
valid1008,0
valid1009,3.09475
valid1010,0.491963
valid1011,0.689806
valid1012,0.0216637
valid1013,0.149687
valid1014,1.17292
valid1015,74.1638
valid1016,0.337249
valid1017,-0.0355647
valid1018,0.202475
valid1019,0.0715393
valid1020,0.194781
valid1021,-0.268657
valid1022,-0.000473641
valid1023,0.184621
valid1024,-0.46046
valid1025,5.09968
valid1026,0.720885
valid1027,0.00101206
valid1028,0.0609508
valid1029,0.2634
valid1030,-0.485362
valid1031,-3.76085
valid1032,18.1739
valid1033,1.10903
valid1034,1.11039
valid1035,3.17187
valid1036,-3.14387
valid1037,1.23477
valid1038,-0.0107587
valid1039,-0.00291068
valid1040,0.365172
valid1041,-1.36767
valid1042,-0.493342
valid1043,1.49944
valid1044,0.00220604
valid1045,-0.489733
valid1046,0.0346222
valid1047,-0.202777
valid1048,-0.274803
valid1049,-0.855543
valid1050,0.137938
valid1051,5.42352
valid1052,-2.57225
valid1053,2.33344
valid1054,1.43057
valid1055,-2.23329
valid1056,29.6759
valid1057,0.325192
valid1058,0.22874
valid1059,-0.39081
valid1060,-11.4201
valid1061,-20.7583
valid1062,-1.21866
valid1063,-0.514732
valid1064,-0.4562
valid1065,-0.104161
valid1066,-0.279788
valid1067,0.178894
valid1068,0.772051
valid1069,0.554871
valid1070,-1.08182
valid1071,-5.38863
valid1072,-1.15789
valid1073,-0.00957784
valid1074,10.4327
valid1075,0.706676
valid1076,0.28623
valid1077,-0.569811
valid1078,-0.77251
valid1079,0.000453225
valid1080,-0.13276
valid1081,-0.0969495
valid1082,1.15993
valid1083,3.00494
valid1084,-0.358182
valid1085,0.0490108
valid1086,-4.90963
valid1087,1.91958
valid1088,0.680054
valid1089,0
valid1090,28.9694
valid1091,-1.06979
valid1092,2.80291
valid1093,0.0151
valid1094,-0.685304
valid1095,0.231162
valid1096,-0.653679
valid1097,-0.255001
valid1098,-0.493038
valid1099,1.91264
valid1100,-16.702
valid1101,0.000503071
valid1102,-0.724941
valid1103,0.199153
valid1104,0.0179219
valid1105,0.150462
valid1106,-2.58306
valid1107,0.653309
valid1108,-0.00104302
valid1109,8.82152
valid1110,-5.17929
valid1111,1.16136
valid1112,-0.976569
valid1113,-5.39321
valid1114,-1.13609
valid1115,0.00523573
valid1116,-0.137111
valid1117,-0.0782474
valid1118,0.0821022
valid1119,-3.23286
valid1120,-7.96062
valid1121,0.0860064
valid1122,9.1281
valid1123,0.00225654
valid1124,-0.487784
valid1125,0.106033
valid1126,0.00977749
valid1127,0.201384
valid1128,-0.36892
valid1129,-10.0464
valid1130,40.8595
valid1131,1.80939
valid1132,1.68608
valid1133,0.000858908
valid1134,-2.84468
valid1135,-32.3723
valid1136,-4.05018
valid1137,0.325818
valid1138,-0.0250483
valid1139,-0.331801
valid1140,-1.09367
valid1141,-0.0426348
valid1142,-2.62655
valid1143,-0.966411
valid1144,-1.29624
valid1145,0.158568
valid1146,8.9625
valid1147,0.0399841
valid1148,22.1505
valid1149,1.93007
valid1150,0.156949
valid1151,-0.717907
valid1152,0.612899
valid1153,-0.000166177
valid1154,0.140238
valid1155,0.0448443
valid1156,0
valid1157,0.00877337
valid1158,10.4246
valid1159,0.0845003
valid1160,1.47012
valid1161,-0.0796274
valid1162,0.0143224
valid1163,-0.355268
valid1164,81.9126
valid1165,-2.29578
valid1166,-0.0174816
valid1167,4.59059
valid1168,24.4912
valid1169,-1.21832
valid1170,-39.451
valid1171,0.193825
valid1172,-39.4385
valid1173,-8.71E-05
valid1174,0
valid1175,-1.43184
valid1176,0.0251538
valid1177,-0.331991
valid1178,2.59252
valid1179,-0.0551658
valid1180,-2.73992
valid1181,0.0189663
valid1182,-1.67826
valid1183,0.00372543
valid1184,-0.269072
valid1185,-3.28839
valid1186,0.855773
valid1187,-0.154975
valid1188,0.430407
valid1189,0.0196115
valid1190,-4.27675
valid1191,-40.0734
valid1192,10.3193
valid1193,1.97E-05
valid1194,10.6425
valid1195,13.6313
valid1196,1.79696
valid1197,0.433424
valid1198,-0.00900605
valid1199,0.411409
valid1200,4.52377
valid1201,3.64645
valid1202,0
valid1203,-0.00653144
valid1204,1.38635
valid1205,0.568128
valid1206,22.5942
valid1207,52.0706
valid1208,2.68584
valid1209,0.269894
valid1210,0.428094
valid1211,0.0112801
valid1212,-0.00577205
valid1213,-4.27727
valid1214,0.100794
valid1215,-1.39345
valid1216,0.15478
valid1217,16.6941
valid1218,-0.271966
valid1219,0.831026
valid1220,0.309727
valid1221,11.0878
valid1222,-0.715955
valid1223,-1.00714
valid1224,5.47148
valid1225,0.0299076
valid1226,11.9014
valid1227,-0.0234957
valid1228,-1.24493
valid1229,-8.42982
valid1230,-0.141065
valid1231,10.9529
valid1232,-0.00016498
valid1233,-0.0932032
valid1234,0.83461
valid1235,-0.0225552
valid1236,7.31919
valid1237,-1.47144
valid1238,0
valid1239,-0.345163
valid1240,-0.25383
valid1241,-0.528975
valid1242,0.327673
valid1243,0.111904
valid1244,-0.711724
valid1245,42.0815
valid1246,-0.0496291
valid1247,-21.4096
valid1248,0.000576962
valid1249,16.239
valid1250,-0.000198663
valid1251,0.047724
valid1252,14.993
valid1253,-0.0695445
valid1254,0.160092
valid1255,13.6079
valid1256,-0.0173546
valid1257,-0.84066
valid1258,-0.166519
valid1259,8.05E-06
valid1260,-0.274
valid1261,0.0322769
valid1262,-0.0613623
valid1263,0.327333
valid1264,1.33866
valid1265,-0.0446984
valid1266,0.000125649
valid1267,-3.04563
valid1268,0.926504
valid1269,-7.93449
valid1270,-3.57076
valid1271,0.0183754
valid1272,0.0523923
valid1273,0.162093
valid1274,-3.514
valid1275,-0.123188
valid1276,-0.0244984
valid1277,-0.0599682
valid1278,-0.354936
valid1279,0.243226
valid1280,0
valid1281,0.131818
valid1282,-0.0227963
valid1283,42.7067
valid1284,0.00188224
valid1285,-5.32307
valid1286,1.54036
valid1287,-24.882
valid1288,0.741008
valid1289,-0.0508436
valid1290,0.360536
valid1291,0.0250807
valid1292,1.75497
valid1293,3.43033
valid1294,0.0249121
valid1295,6.91841
valid1296,-0.0497885
valid1297,35.9118
valid1298,-0.450249
valid1299,-0.0539405
valid1300,2.06013
valid1301,-1.75663
valid1302,-0.598821
valid1303,0.921374
valid1304,-15.6388
valid1305,0.127166
valid1306,0.0314853
valid1307,0.0600639
valid1308,-0.206615
valid1309,-0.66971
valid1310,-2.41878
valid1311,0.0503081
valid1312,0.0799244
valid1313,5.25625
valid1314,-0.010689
valid1315,-0.0133936
valid1316,-1.19699
valid1317,3.91739
valid1318,-0.028009
valid1319,-0.209514
valid1320,0.062189
valid1321,-19.0307
valid1322,-0.00231545
valid1323,0.0252974
valid1324,-7.34E-05
valid1325,-1.80818
valid1326,-0.106423
valid1327,0.0971747
valid1328,0.41538
valid1329,-0.854963
valid1330,-0.347297
valid1331,0.000435996
valid1332,3.7828
valid1333,-1.81E-05
valid1334,-0.012266
valid1335,-0.0883484
valid1336,2.11474
valid1337,11.6985
valid1338,7.48331
valid1339,-0.48893
valid1340,0.0113426
valid1341,-2.72313
valid1342,-1.6602
valid1343,1.18417
valid1344,0.331698
valid1345,-46.1061
valid1346,-0.0212339
valid1347,-0.0189932
valid1348,0.011771
valid1349,0.575874
valid1350,0.0486891
valid1351,16.1309
valid1352,-0.0788558
valid1353,-0.34507
valid1354,1.7797
valid1355,-0.462073
valid1356,0.000812268
valid1357,-15.3916
valid1358,9.43536
valid1359,3.02E-05
valid1360,2.37074
valid1361,0.000534463
valid1362,0.417861
valid1363,-0.000256864
valid1364,3.09131
valid1365,-5.31191
valid1366,0.85434
valid1367,-0.116812
valid1368,-0.511799
valid1369,-0.0370536
valid1370,0.00760502
valid1371,4.93285
valid1372,0.0281795
valid1373,3.84767
valid1374,0.95192
valid1375,-0.120814
valid1376,-58.9996
valid1377,0.241528
valid1378,0.451508
valid1379,7.76954
valid1380,-1.39864
valid1381,-0.0120943
valid1382,0.0292816
valid1383,0.56032
valid1384,11.1495
valid1385,5.50347
valid1386,-2.24268
valid1387,-0.466228
valid1388,-0.140841
valid1389,16.7816
valid1390,-0.0652314
valid1391,9.99414
valid1392,-0.617352
valid1393,0.0901529
valid1394,0.669515
valid1395,-0.00374667
valid1396,-0.0563237
valid1397,-0.440154
valid1398,2.68906
valid1399,-0.00141413
valid1400,0.0886429
valid1401,0.0364768
valid1402,2.51432
valid1403,0.934367
valid1404,5.01562
valid1405,0.000423534
valid1406,0.0204186
valid1407,0.020764
valid1408,1.74441
valid1409,0.00987748
valid1410,-0.0111512
valid1411,0.592169
valid1412,2.56577
valid1413,0.917788
valid1414,0
valid1415,-14.2196
valid1416,14.2205
valid1417,0.0957998
valid1418,-6.06618
valid1419,-0.8177
valid1420,20.1781
valid1421,-5.95E-05
valid1422,-1.38222
valid1423,-1.68552
valid1424,0.0809888
valid1425,-0.447161
valid1426,-4.05852
valid1427,-1.53898
valid1428,6.46353
valid1429,1.80402
valid1430,0.00146802
valid1431,-9.33762
valid1432,0.00767854
valid1433,0.132975
valid1434,6.11026
valid1435,-0.228668
valid1436,2.68072
valid1437,0.813069
valid1438,3.00709
valid1439,-0.334366
valid1440,0.108677
valid1441,-0.133193
valid1442,-0.822455
valid1443,24.3338
valid1444,-4.61174
valid1445,-0.0428899
valid1446,0.521232
valid1447,-0.0480003
valid1448,0.545327
valid1449,0.284043
valid1450,0.470021
valid1451,0.417596
valid1452,7.5686
valid1453,0.00327424
valid1454,0.0430098
valid1455,-0.908733
valid1456,-0.903956
valid1457,0.483613
valid1458,105.928
valid1459,-0.162116
valid1460,0.94981
valid1461,-0.0255242
valid1462,-3.91269
valid1463,0.477909
valid1464,-0.140036
valid1465,5.27474
valid1466,0
valid1467,-2.33777
valid1468,-0.00151168
valid1469,16.6503
valid1470,25.0431
valid1471,0.149885
valid1472,9.44619
valid1473,-8.89367
valid1474,-3.76298
valid1475,-0.671966
valid1476,0.0342807
valid1477,0.011566
valid1478,-0.0952738
valid1479,-0.4914
valid1480,0.10112
valid1481,0
valid1482,-1.30358
valid1483,0.391299
valid1484,0.0168109
valid1485,13.912
valid1486,-0.0531432
valid1487,0.0373362
valid1488,-5.75366
valid1489,-0.68126
valid1490,0.00453951
valid1491,-0.791374
valid1492,-0.108026
valid1493,0.0169142
valid1494,-0.356411
valid1495,-0.987551
valid1496,-0.00206819
valid1497,-0.00808776
valid1498,0.152908
valid1499,0.577298
valid1500,0.763785
valid1501,1.135
valid1502,-7.83606
valid1503,0.593474
valid1504,-0.247094
valid1505,0.059357
valid1506,-0.0142481
valid1507,1.91287
valid1508,-16.5549
valid1509,0.00067386
valid1510,-0.795187
valid1511,9.10377
valid1512,1.326
valid1513,14.7516
valid1514,1.02823
valid1515,-0.111936
valid1516,0.485691
valid1517,-0.57256
valid1518,-0.243819
valid1519,-0.0276836
valid1520,3.33096
valid1521,0.0259414
valid1522,7.05506
valid1523,-0.974877
valid1524,-0.97566
valid1525,2.91E-07
valid1526,0.883414
valid1527,0.00624678
valid1528,0.000414536
valid1529,8.37373
valid1530,2.51107
valid1531,6.42766
valid1532,-0.102948
valid1533,15.703
valid1534,-0.37776
valid1535,-0.0537426
valid1536,21.6234
valid1537,0.0829209
valid1538,-32.8138
valid1539,-1.17091
valid1540,0.0024606
valid1541,-0.452484
valid1542,-0.0678112
valid1543,-1.52897
valid1544,-0.0500799
valid1545,-14.1399
valid1546,3.01723
valid1547,-0.16903
valid1548,0.780118
valid1549,-0.00143125
valid1550,-0.406295
valid1551,-1.98557
valid1552,-0.0103312
valid1553,0.00339902
valid1554,107.94
valid1555,0
valid1556,-0.329147
valid1557,-0.317878
valid1558,-0.566499
valid1559,0.0988241
valid1560,-0.540456
valid1561,-0.0752965
valid1562,-2.98867
valid1563,-2.28413
valid1564,0.378375
valid1565,0.185647
valid1566,0.32463
valid1567,-0.848818
valid1568,-0.843593
valid1569,-0.951853
valid1570,0
valid1571,-0.00337304
valid1572,-0.122324
valid1573,-2.74591
valid1574,0
valid1575,0.134381
valid1576,0.535538
valid1577,-0.112364
valid1578,0.0688164
valid1579,-0.244088
valid1580,0
valid1581,-0.0972971
valid1582,0.501121
valid1583,7.74016
valid1584,3.44478
valid1585,-0.01754
valid1586,5.34885
valid1587,4.29794
valid1588,7.78744
valid1589,0.695178
valid1590,7.50778
valid1591,0.107366
valid1592,-0.192329
valid1593,-0.703383
valid1594,0.589276
valid1595,-0.027816
valid1596,0.825834
valid1597,6.26861
valid1598,-17.806
valid1599,0.0950302
valid1600,0.150629
valid1601,0.0629852
valid1602,-0.0410793
valid1603,-0.00174476
valid1604,-0.471188
valid1605,-0.0730579
valid1606,0.112991
valid1607,-0.0522848
valid1608,0.0399206
valid1609,-0.365729
valid1610,0.00733092
valid1611,-0.944036
valid1612,4.25397
valid1613,17.1131
valid1614,0.0778284
valid1615,1.69221
valid1616,4.86567
valid1617,1.28811
valid1618,54.7367
valid1619,0.135269
valid1620,0.170525
valid1621,-0.419473
valid1622,-0.392891
valid1623,-11.8243
valid1624,0.172287
valid1625,0.000331828
valid1626,-0.0624703
valid1627,17.1064
valid1628,-0.560821
valid1629,-0.172642
valid1630,7.47256
valid1631,0.00283337
valid1632,0.124422
valid1633,-0.829914
valid1634,0.0871481
valid1635,-1.96109
valid1636,-0.104706
valid1637,14.4722
valid1638,-0.0743734
valid1639,0.0723424
valid1640,-0.234076
valid1641,0.0427329
valid1642,-0.0134048
valid1643,0.188871
valid1644,-1.49638
valid1645,1.51093
valid1646,0.437086
valid1647,-16.5824
valid1648,-0.214987
valid1649,2.92696
valid1650,13.0353
valid1651,0.963251
valid1652,-1.63278
valid1653,0.0715037
valid1654,0.2144
valid1655,5.49862
valid1656,-0.0618993
valid1657,0.22624
valid1658,-0.378942
valid1659,-8.25737
valid1660,-0.187395
valid1661,-0.652503
valid1662,0.0787517
valid1663,0.124595
valid1664,53.2798
valid1665,-0.0379014
valid1666,0.0183324
valid1667,0.314581
valid1668,1.92078
valid1669,0.940406
valid1670,1.99027
valid1671,-0.209621
valid1672,4.54376
valid1673,3.11394
valid1674,-0.0533034
valid1675,0.0272267
valid1676,-0.204298
valid1677,41.4317
valid1678,0.0100277
valid1679,0.117582
valid1680,0.0224633
valid1681,0.415736
valid1682,41.2438
valid1683,0.625531
valid1684,-0.157027
valid1685,0.348271
valid1686,-0.0455358
valid1687,0.00245765
valid1688,0
valid1689,-25.215
valid1690,-3.25184
valid1691,-0.0673945
valid1692,0.846314
valid1693,-9.95618
valid1694,-0.0119781
valid1695,-0.284388
valid1696,0.0100303
valid1697,1.87866
valid1698,-0.0554506
valid1699,47.9113
valid1700,-7.74926
valid1701,-6.07144
valid1702,0.369102
valid1703,-0.0375071
valid1704,-0.239825
valid1705,-0.497932
valid1706,-9.93593
valid1707,-0.00188416
valid1708,-5.51146
valid1709,-0.0265524
valid1710,-20.0658
valid1711,-0.000263294
valid1712,0
valid1713,1.53131
valid1714,-12.3715
valid1715,11.6568
valid1716,-1.88049
valid1717,31.6048
valid1718,0.779813
valid1719,-0.668417
valid1720,33.7539
valid1721,-1.35798
valid1722,0.0110429
valid1723,0.232343
valid1724,0.557236
valid1725,-0.158212
valid1726,-0.0242972
valid1727,0
valid1728,1.46917
valid1729,-0.226639
valid1730,-1.08995
valid1731,3.84194
valid1732,0.0384508
valid1733,6.38444
valid1734,-6.57289
valid1735,0.595242
valid1736,19.6245
valid1737,-0.0225246
valid1738,0.459974
valid1739,-0.00120155
valid1740,-0.0249318
valid1741,3.88039
valid1742,-0.0217366
valid1743,-0.113124
valid1744,29.5306
valid1745,-0.0891258
valid1746,84.6812
valid1747,23.3815
valid1748,-0.112863
valid1749,-30.4752
valid1750,0.122038
valid1751,-5.05929
valid1752,-0.0578551
valid1753,14.7995
valid1754,0.386225
valid1755,-3.25209
valid1756,7.53097
valid1757,29.5442
valid1758,21.8371
valid1759,-0.0639358
valid1760,-0.109306
valid1761,0.245911
valid1762,0
valid1763,-0.00572144
valid1764,0.924184
valid1765,-0.6175
valid1766,15.4737
valid1767,-0.492459
valid1768,12.0399
valid1769,-4.15091
valid1770,-3.58351
valid1771,0.34573
valid1772,1.30097
valid1773,-0.338627
valid1774,0.00540484
valid1775,3.73049
valid1776,0.175444
valid1777,0.396955
valid1778,2.26236
valid1779,0.00650608
valid1780,-3.24157
valid1781,0.0239736
valid1782,-0.280702
valid1783,-13.4045
valid1784,11.0582
valid1785,3.96062
valid1786,1.07811
valid1787,-4.75059
valid1788,0.751147
valid1789,0.750472
valid1790,0.466886
valid1791,2.7334
valid1792,-2.55384
valid1793,-0.134684
valid1794,0.301065
valid1795,0.097178
valid1796,0.00229425
valid1797,2.13846
valid1798,0.0012372
valid1799,3.10994
valid1800,-0.427925
valid1801,0.0142592
valid1802,-1.4828
valid1803,0.060054
valid1804,-0.117207
valid1805,-17.0336
valid1806,-0.0477025
valid1807,0.00998938
valid1808,-1.63861
valid1809,0.606773
valid1810,-2.42497
valid1811,-0.0593595
valid1812,5.127
valid1813,-0.749196
valid1814,0
valid1815,0.270076
valid1816,1.26112
valid1817,0.235585
valid1818,-0.00259129
valid1819,0.0572654
valid1820,-14.7379
valid1821,0.0279232
valid1822,-0.0240638
valid1823,-0.1855
valid1824,-13.2666
valid1825,2.069
valid1826,1.72186
valid1827,-8.33173
valid1828,-0.054446
valid1829,0
valid1830,0.197674
valid1831,0
valid1832,-24.5959
valid1833,0.330142
valid1834,-3.56491
valid1835,-1.26003
valid1836,0.0348059
valid1837,-0.4759
valid1838,-0.133272
valid1839,-1.90322
valid1840,-0.173388
valid1841,-5.22335
valid1842,0.95278
valid1843,-3.53768
valid1844,3.21068
valid1845,15.5991
valid1846,-1.36736
valid1847,0.0114355
valid1848,17.2512
valid1849,0.0707465
valid1850,-0.0954041
valid1851,0.107047
valid1852,-0.156424
valid1853,-0.788826
valid1854,0.0462729
valid1855,0.127596
valid1856,0.623634
valid1857,65.4743
valid1858,0.806554
valid1859,0
valid1860,-0.812183
valid1861,0.0282439
valid1862,-5.95706
valid1863,-0.665517
valid1864,-0.00260601
valid1865,0.101431
valid1866,22.5788
valid1867,0.012445
valid1868,-0.240477
valid1869,-0.304675
valid1870,8.40466
valid1871,0.0359331
valid1872,1.47998
valid1873,0.0845169
valid1874,0.203611
valid1875,-0.118788
valid1876,-0.0976883
valid1877,-0.278557
valid1878,0.145579
valid1879,-0.102741
valid1880,0.872524
valid1881,-1.15955
valid1882,-0.734403
valid1883,-4.5316
valid1884,7.08203
valid1885,0.0369944
valid1886,-0.159814
valid1887,1.26378
valid1888,-0.0726313
valid1889,0.131494
valid1890,-0.527384
valid1891,0.195706
valid1892,0.168766
valid1893,-0.153161
valid1894,-42.7722
valid1895,7.51001
valid1896,0.274017
valid1897,-7.58972
valid1898,-0.194534
valid1899,-0.0512263
valid1900,5.45368
valid1901,-0.891273
valid1902,0
valid1903,0.0770197
valid1904,-0.224605
valid1905,-3.02396
valid1906,-0.00352938
valid1907,0.000557194
valid1908,-0.099954
valid1909,1.39175
valid1910,-0.46214
valid1911,0
valid1912,0.00367972
valid1913,-29.8327
valid1914,-42.117
valid1915,0.0533984
valid1916,0.0351787
valid1917,-1.00786
valid1918,-5.22494
valid1919,0.368546
valid1920,0.13375
valid1921,0.247767
valid1922,0.199619
valid1923,-1.29788
valid1924,1.60812
valid1925,-0.183671
valid1926,0.0688214
valid1927,2.7544
valid1928,0.135175
valid1929,3.82348
valid1930,2.04681
valid1931,-1.35301
valid1932,-0.00491625
valid1933,0.945428
valid1934,-0.280383
valid1935,-73.7677
valid1936,0.379446
valid1937,-0.0235569
valid1938,-17.9169
valid1939,0.00790797
valid1940,0.9188
valid1941,-0.725425
valid1942,-0.619272
valid1943,3.73504
valid1944,-1.06E-07
valid1945,0.624092
valid1946,-0.0550926
valid1947,0.348473
valid1948,0
valid1949,-0.0224674
valid1950,0.60816
valid1951,3.09668
valid1952,-1.48619
valid1953,3.14065
valid1954,1.04799
valid1955,-0.0652581
valid1956,40.3674
valid1957,0
valid1958,-0.00669895
valid1959,0.000840138
valid1960,-0.000211016
valid1961,-0.034304
valid1962,-0.100894
valid1963,-0.00160796
valid1964,0.645808
valid1965,0.00617268
valid1966,-0.0319724
valid1967,1.32182
valid1968,-1.65953
valid1969,0.0584844
valid1970,-0.382504
valid1971,2.31365
valid1972,-1.94479
valid1973,-1.52327
valid1974,0
valid1975,-0.0460205
valid1976,-0.0188655
valid1977,-0.146569
valid1978,-0.0149865
valid1979,0.285724
valid1980,71.7294
valid1981,0.12457
valid1982,0
valid1983,-0.0472581
valid1984,-6.63878
valid1985,-0.236028
valid1986,-0.895158
valid1987,-0.620535
valid1988,0.674102
valid1989,-0.0405994
valid1990,0.101769
valid1991,-2.00204
valid1992,-0.935501
valid1993,-1.29457
valid1994,0.496183
valid1995,-0.00498918
valid1996,0.0904692
valid1997,-1.34742
valid1998,8.90644
valid1999,-0.079823
valid2000,-0.325362
valid2001,0.0816736
valid2002,-0.177018
valid2003,-0.0132442
valid2004,-0.438002
valid2005,-0.0017282
valid2006,-0.000808388
valid2007,-0.93541
valid2008,-0.09338
valid2009,4.35093
valid2010,0.0250228
valid2011,-3.68721
valid2012,2.37E-05
valid2013,0.0411662
valid2014,10.0591
valid2015,4.05289
valid2016,0
valid2017,-0.246153
valid2018,0.514309
valid2019,1.04742
valid2020,-8.00277
valid2021,-1.60616
valid2022,-0.910412
valid2023,1.32139
valid2024,0.0154384
valid2025,-11.5582
valid2026,-0.414249
valid2027,0.294632
valid2028,-0.295289
valid2029,1.26885
valid2030,-13.6146
valid2031,-0.0229593
valid2032,-1.20063
valid2033,0.0186431
valid2034,0.130786
valid2035,-0.111527
valid2036,-0.0341193
valid2037,0.0209576
valid2038,0.665824
valid2039,29.5094
valid2040,4.38738
valid2041,0.0432982
valid2042,0
valid2043,-0.80634
valid2044,0.088874
valid2045,2.63879
valid2046,-1.94921
valid2047,0.30673
valid2048,-0.603819
valid2049,-0.11632
valid2050,3.04607
valid2051,0.0649168
valid2052,3.35005
valid2053,-0.0970714
valid2054,0.505013
valid2055,1.31836
valid2056,-0.0768476
valid2057,0.173198
valid2058,8.68638
valid2059,0.193629
valid2060,-8.94E-06
valid2061,0.0805273
valid2062,2.9814
valid2063,-0.764658
valid2064,0.640248
valid2065,0.0278907
valid2066,0.00866124
valid2067,-13.3451
valid2068,0.00296328
valid2069,-0.0955229
valid2070,-0.881667
valid2071,1.85889
valid2072,0.514896
valid2073,-0.00586267
valid2074,-2.80693
valid2075,-2.41677
valid2076,58.8792
valid2077,66.9179
valid2078,-0.00793905
valid2079,-0.190315
valid2080,2.99701
valid2081,5.77109
valid2082,-0.0754419
valid2083,-0.810224
valid2084,23.5881
valid2085,-0.0511619
valid2086,-0.020112
valid2087,0.0803132
valid2088,5.66559
valid2089,-0.0306586
valid2090,-0.256883
valid2091,0.099371
valid2092,-16.4376
valid2093,0.220526
valid2094,0.0324212
valid2095,31.4928
valid2096,0.921809
valid2097,-0.0116718
valid2098,5.45716
valid2099,-3.6894
valid2100,0
valid2101,-0.0964924
valid2102,0.407128
valid2103,0.0537764
valid2104,1.60655
valid2105,0.000693816
valid2106,-1.38553
valid2107,-0.465441
valid2108,0.328004
valid2109,0.849521
valid2110,0.00187768
valid2111,0.363576
valid2112,0.317465
valid2113,0.0268891
valid2114,-14.2637
valid2115,2.40392
valid2116,-4.79974
valid2117,46.9372
valid2118,23.0206
valid2119,3.20E-07
valid2120,0.279174
valid2121,1.74941
valid2122,1.42618
valid2123,0.180552
valid2124,0
valid2125,-0.531055
valid2126,-0.0597647
valid2127,1.62442
valid2128,-0.0438569
valid2129,0.000247257
valid2130,-1.74748
valid2131,-2.1283
valid2132,-1.36268
valid2133,0.516089
valid2134,-0.203857
valid2135,-10.9077
valid2136,0.158754
valid2137,-2.83875
valid2138,2.36881
valid2139,-0.10901
valid2140,0
valid2141,-0.210404
valid2142,-3.70272
valid2143,0
valid2144,-18.2656
valid2145,4.10403
valid2146,3.60717
valid2147,21.6716
valid2148,-0.00763403
valid2149,-0.0315108
valid2150,0.09504
valid2151,-0.0425931
valid2152,2.44558
valid2153,-10.8784
valid2154,1.53E-20
valid2155,-0.00877812
valid2156,-11.6244
valid2157,-0.669992
valid2158,-1.45977
valid2159,-0.750102
valid2160,3.31284
valid2161,0.859709
valid2162,0.686153
valid2163,-20.3357
valid2164,-9.96477
valid2165,-1.03006
valid2166,0.00813668
valid2167,-4.71114
valid2168,-0.258078
valid2169,10.9897
valid2170,0.575331
valid2171,-1.61954
valid2172,0.0363145
valid2173,-0.323125
valid2174,-3.40598
valid2175,0.623263
valid2176,-0.301635
valid2177,-0.0815571
valid2178,0.0301164
valid2179,0.0342139
valid2180,0.926612
valid2181,22.4052
valid2182,13.8535
valid2183,-0.261311
valid2184,0
valid2185,0.000140898
valid2186,0.134856
valid2187,-0.153355
valid2188,-0.0990152
valid2189,17.6291
valid2190,0.378389
valid2191,-0.70135
valid2192,0.103023
valid2193,-0.967943
valid2194,0.0696193
valid2195,0.888038
valid2196,-1.81556
valid2197,7.26E-05
valid2198,0.0550671
valid2199,0
valid2200,-0.141607
valid2201,-0.289406
valid2202,-4.72519
valid2203,-0.0131227
valid2204,5.25045
valid2205,-1.50492
valid2206,0.33975
valid2207,-0.0136777
valid2208,0.00886245
valid2209,-0.367799
valid2210,1.3177
valid2211,-3.69E-06
valid2212,0
valid2213,-0.00908375
valid2214,-0.819786
valid2215,6.03915
valid2216,-0.131396
valid2217,0.000665505
valid2218,-2.02978
valid2219,0
valid2220,0.122295
valid2221,29.3707
valid2222,0.0363686
valid2223,1.78105
valid2224,-0.000313573
valid2225,-0.00871038
valid2226,1.07797
valid2227,-12.5399
valid2228,-5.58E-06
valid2229,32.1619
valid2230,0.577554
valid2231,0.837004
valid2232,-0.112993
valid2233,0.424949
valid2234,-0.274614
valid2235,2.51682
valid2236,3.07657
valid2237,0.656906
valid2238,-0.0247186
valid2239,2.87292
valid2240,0.117953
valid2241,0.0183178
valid2242,-0.0488498
valid2243,-68.5571
valid2244,-0.000351703
valid2245,11.1824
valid2246,0.0330773
valid2247,-10.4946
valid2248,0.0471281
valid2249,0.014884
valid2250,0.553147
valid2251,0.0115732
valid2252,-0.105761
valid2253,16.1142
valid2254,-13.5246
valid2255,-3.39442
valid2256,0.112953
valid2257,0
valid2258,-27.2882
valid2259,-10.0123
valid2260,-0.107993
valid2261,0.792064
valid2262,0.644837
valid2263,-0.254317
valid2264,-0.0683482
valid2265,0.00174916
valid2266,0.154779
valid2267,-0.000184438
valid2268,-0.462741
valid2269,-25.09
valid2270,1.89297
valid2271,0.0259285
valid2272,-1.26837
valid2273,-0.0111661
valid2274,-5.37214
valid2275,0.398431
valid2276,0.781831
valid2277,0.0949477
valid2278,-1.93175
valid2279,7.61881
valid2280,-4.1728
valid2281,-3.14099
valid2282,0.00880247
valid2283,-43.7151
valid2284,0.224619
valid2285,0.683228
valid2286,-5.40777
valid2287,0.0637332
valid2288,0.0389114
valid2289,-16.6878
valid2290,-8.22007
valid2291,17.679
valid2292,0.178239
valid2293,-1.63724
valid2294,-51.7946
valid2295,5.37908
valid2296,0.221731
valid2297,-0.229156
valid2298,0
valid2299,-0.93399
valid2300,-0.0110997
valid2301,-0.00963113
valid2302,-0.0254359
valid2303,-31.3367
valid2304,5.35851
valid2305,1.6615
valid2306,-17.709
valid2307,-1.03601
valid2308,17.8605
valid2309,-0.0390099
valid2310,0.565724
valid2311,-0.00209619
valid2312,-0.205289
valid2313,6.12816
valid2314,-3.20073
valid2315,0.406735
valid2316,-0.0884298
valid2317,0.0138928
valid2318,-0.015167
valid2319,-0.320048
valid2320,6.61868
valid2321,0.0460294
valid2322,0
valid2323,-0.00404949
valid2324,-0.622479
valid2325,-0.066108
valid2326,1.14328
valid2327,-0.0268212
valid2328,-0.342099
valid2329,-29.7515
valid2330,0.338941
valid2331,0
valid2332,-0.413439
valid2333,0.0330912
valid2334,-0.00341046
valid2335,-3.32683
valid2336,0.758779
valid2337,2.00178
valid2338,12.5602
valid2339,0.0198897
valid2340,0.566546
valid2341,1.33626
valid2342,-1.14532
valid2343,0.476241
valid2344,-6.10232
valid2345,2.58278
valid2346,-0.517046
valid2347,-0.421108
valid2348,-8.64258
valid2349,1.75195
valid2350,-0.367654
valid2351,0.593503
valid2352,20.7879
valid2353,-1.80566
valid2354,0
valid2355,15.8701
valid2356,-4.78094
valid2357,1.52361
valid2358,0.0428757
valid2359,-2.08009
valid2360,0.177649
valid2361,-0.0539123
valid2362,0.643267
valid2363,0.00120111
valid2364,2.65487
valid2365,-0.298853
valid2366,42.7538
valid2367,0.416918
valid2368,0.0440889
valid2369,-0.808503
valid2370,-0.0407804
valid2371,0.826638
valid2372,0.0620312
valid2373,-0.436963
valid2374,-4.67638
valid2375,-3.42226
valid2376,0.0159155
valid2377,-0.860664
valid2378,1.15972
valid2379,0.209816
valid2380,4.02273
valid2381,0.0073573
valid2382,-0.874039
valid2383,-2.03E-05
valid2384,0.0518967
valid2385,-0.543418
valid2386,-0.249436
valid2387,-58.6074
valid2388,-0.345275
valid2389,101.048
valid2390,0.39592
valid2391,-0.540709
valid2392,-0.982316
valid2393,0.414726
valid2394,1.864
valid2395,-0.0115351
valid2396,-7.66216
valid2397,-27.2863
valid2398,4.67581
valid2399,-7.22548
valid2400,1.06321
valid2401,11.8039
valid2402,0.222294
valid2403,0.477642
valid2404,-0.448444
valid2405,-0.629796
valid2406,0
valid2407,-6.27345
valid2408,-0.00138438
valid2409,0.0584172
valid2410,0.00038237
valid2411,-2.12364
valid2412,3.36984
valid2413,1.77498
valid2414,0.167397
valid2415,-2.71525
valid2416,1.33919
valid2417,-0.00358769
valid2418,-1.25811
valid2419,-2.47569
valid2420,0.465006
valid2421,18.1739
valid2422,25.9258
valid2423,-0.207086
valid2424,1.98371
valid2425,-0.93863
valid2426,-2.46063
valid2427,0.00347407
valid2428,0.551917
valid2429,-22.46
valid2430,2.4549
valid2431,0.310075
valid2432,12.5746
valid2433,-0.0393538
valid2434,-0.0848744
valid2435,-0.0766896
valid2436,0
valid2437,-2.31082
valid2438,0.0207646
valid2439,-0.0628777
valid2440,1.14322
valid2441,0.00068529
valid2442,2.28582
valid2443,0.0502304
valid2444,-0.324946
valid2445,-0.108644
valid2446,-0.725305
valid2447,-0.688728
valid2448,-6.58E-05
valid2449,-0.249755
valid2450,0.690384
valid2451,0.0305781
valid2452,-0.0371283
valid2453,0.742055
valid2454,-36.0815
valid2455,-0.51868
valid2456,1.18875
valid2457,-0.384865
valid2458,6.61348
valid2459,0.46921
valid2460,-0.091641
valid2461,-0.487014
valid2462,-0.0100416
valid2463,-0.153367
valid2464,0.405328
valid2465,-0.0552758
valid2466,-0.0209243
valid2467,-0.0340301
valid2468,0.745617
valid2469,0.360382
valid2470,-0.603401
valid2471,0
valid2472,0.0113318
valid2473,0.000689386
valid2474,1.03866
valid2475,-0.00161974
valid2476,0.0728501
valid2477,-0.0485115
valid2478,-0.0660023
valid2479,0.529518
valid2480,-0.0301288
valid2481,-0.401801
valid2482,0.0441079
valid2483,-0.23465
valid2484,0.000111683
valid2485,0.0103758
valid2486,-0.286107
valid2487,-0.183517
valid2488,68.35
valid2489,1.60651
valid2490,0.000225361
valid2491,0.624651
valid2492,1.37081
valid2493,-0.694752
valid2494,0.155892
valid2495,0.0568152
valid2496,-5.32152
valid2497,-0.103941
valid2498,18.6817
valid2499,-15.3859
valid2500,3.19207
valid2501,0.03804
valid2502,-1.76026
valid2503,-0.0314351
valid2504,2.31438
valid2505,20.5396
valid2506,-1.16292
valid2507,-0.0285849
valid2508,0.357659
valid2509,30.0909
valid2510,0.423535
valid2511,19.5718
valid2512,0.55584
valid2513,-0.321593
valid2514,0.281423
valid2515,-1.15655
valid2516,0.0445963
valid2517,0
valid2518,-0.111848
valid2519,-0.0964406
valid2520,-0.351093
valid2521,-2.34028
valid2522,0.0916895
valid2523,0.247991
valid2524,0.50448
valid2525,-1.17253
valid2526,0.474157
valid2527,2.15399
valid2528,0.0617598
valid2529,0
valid2530,0.601822
valid2531,-2.41155
valid2532,9.96998
valid2533,-0.0359597
valid2534,0.719238
valid2535,1.52156
valid2536,0.013714
valid2537,3.22E-07
valid2538,-0.0402496
valid2539,-5.42637
valid2540,-6.6931
valid2541,7.87238
valid2542,-1.20E-06
valid2543,-7.64145
valid2544,0.0507741
valid2545,-21.5612
valid2546,0.195444
valid2547,-38.5772
valid2548,-28.7581
valid2549,-5.48176
valid2550,-0.24932
valid2551,0.917964
valid2552,-0.0184837
valid2553,-7.12E-05
valid2554,-2.45327
valid2555,-3.07928
valid2556,-1.8182
valid2557,-19.9737
valid2558,1.42732
valid2559,-5.07888
valid2560,3.25193
valid2561,13.135
valid2562,-23.8616
valid2563,-0.043579
valid2564,0.233801
valid2565,1.15948
valid2566,-0.0120719
valid2567,-14.3631
valid2568,-6.4261
valid2569,-0.0802891
valid2570,0.692707
valid2571,-0.775383
valid2572,-0.0141047
valid2573,44.5654
valid2574,-0.617288
valid2575,0.143004
valid2576,-0.845851
valid2577,-5.51198
valid2578,0.322756
valid2579,7.52402
valid2580,0.961467
valid2581,-1.09E-05
valid2582,0.00896227
valid2583,-6.9826
valid2584,0.087706
valid2585,-0.725728
valid2586,-0.697041
valid2587,0.0136999
valid2588,-0.0907641
valid2589,0.00443508
valid2590,-0.55096
valid2591,-0.267313
valid2592,-0.0899429
valid2593,-0.221349
valid2594,1.1677
valid2595,-0.393746
valid2596,0.604729
valid2597,0.00449632
valid2598,23.1046
valid2599,-0.0370804
valid2600,-1.59074
valid2601,24.0343
valid2602,0.709414
valid2603,3.06778
valid2604,-0.226087
valid2605,-9.04879
valid2606,3.52357
valid2607,-0.0139546
valid2608,-0.331608
valid2609,-0.443571
valid2610,-21.5806
valid2611,-0.0240723
valid2612,0.00876003
valid2613,-18.2146
valid2614,0.127699
valid2615,1.94431
valid2616,-3.85676
valid2617,-0.0284049
valid2618,-3.31263
valid2619,0.902288
valid2620,-1.51577
valid2621,-0.858888
valid2622,-0.216989
valid2623,-0.146633
valid2624,-1.39048
valid2625,-4.38066
valid2626,-0.0229452
valid2627,0.00848237
valid2628,-5.04163
valid2629,-0.00100493
valid2630,-0.363161
valid2631,0.155952
valid2632,-0.776507
valid2633,1.19707
valid2634,1.01744
valid2635,2.17905
valid2636,0.00454348
valid2637,0.141667
valid2638,-41.6013
valid2639,67.5032
valid2640,-0.158402
valid2641,4.70312
valid2642,-2.81067
